phase,method,dataset,N,d,centers,std,noise_frac,seed,backend,n_splits,splitA_pos,splitA_size,chunksize,knn_eff,fit_time,ext_time,total_time,n_obs,ari,ami,slurm_job_id,slurm_cpus_per_task,slurm_node_list,hostname
baseline,sdoclust_full,blobs,50000,10,5,1.0,0.0,42,na,-1,-1,-1,2000,-1,3.316751718521118,0.0,3.316751718521118,-1,1.0,1.0,7,1,compute-dy-compute-resource-1-1,compute-dy-compute-resource-1-1
baseline,kmeans_seq,blobs,50000,10,5,1.0,0.0,42,na,-1,-1,-1,2000,-1,0.12278509140014648,0.0,0.12278509140014648,-1,1.0,1.0,7,1,compute-dy-compute-resource-1-1,compute-dy-compute-resource-1-1
baseline,minibatch_seq,blobs,50000,10,5,1.0,0.0,42,na,-1,-1,-1,2000,-1,0.03231406211853027,0.0,0.03231406211853027,-1,1.0,1.0,7,1,compute-dy-compute-resource-1-1,compute-dy-compute-resource-1-1
baseline,minibatch_joblib,blobs,50000,10,5,1.0,0.0,42,na,-1,-1,-1,2000,-1,0.08525776863098145,0.0,0.08525776863098145,-1,0.7203868260100619,0.8655286660050125,7,1,compute-dy-compute-resource-1-1,compute-dy-compute-resource-1-1
baseline,minibatch_dask,blobs,50000,10,5,1.0,0.0,42,na,-1,-1,-1,2000,-1,0.11128592491149902,0.0,0.11128592491149902,-1,0.7203868260100619,0.8655286660050125,7,1,compute-dy-compute-resource-1-1,compute-dy-compute-resource-1-1
experiment,wrapper_sdoclust,blobs,50000,10,5,1.0,0.0,42,seq,2,0,25000,2000,5,0.42034387588500977,0.28539514541625977,0.7057390213012695,263,1.0,1.0,7,1,compute-dy-compute-resource-1-1,compute-dy-compute-resource-1-1
experiment,wrapper_sdoclust,blobs,50000,10,5,1.0,0.0,42,seq,4,0,12500,2000,5,0.19983291625976562,0.2527756690979004,0.452608585357666,259,1.0,1.0,7,1,compute-dy-compute-resource-1-1,compute-dy-compute-resource-1-1
experiment,wrapper_sdoclust,blobs,50000,10,5,1.0,0.0,42,seq,8,0,6250,2000,5,0.0970921516418457,0.26262879371643066,0.35972094535827637,255,1.0,1.0,7,1,compute-dy-compute-resource-1-1,compute-dy-compute-resource-1-1
experiment,wrapper_sdoclust,blobs,50000,10,5,1.0,0.0,42,seq,16,0,3125,2000,5,0.04373621940612793,0.22971367835998535,0.2734498977661133,243,1.0,1.0,7,1,compute-dy-compute-resource-1-1,compute-dy-compute-resource-1-1
experiment,wrapper_sdoclust,blobs,50000,10,5,1.0,0.0,42,joblib,2,0,25000,2000,5,0.40279078483581543,0.2795281410217285,0.682318925857544,263,1.0,1.0,7,1,compute-dy-compute-resource-1-1,compute-dy-compute-resource-1-1
experiment,wrapper_sdoclust,blobs,50000,10,5,1.0,0.0,42,joblib,4,0,12500,2000,5,0.19546890258789062,0.25368785858154297,0.4491567611694336,259,1.0,1.0,7,1,compute-dy-compute-resource-1-1,compute-dy-compute-resource-1-1
experiment,wrapper_sdoclust,blobs,50000,10,5,1.0,0.0,42,joblib,8,0,6250,2000,5,0.08714771270751953,0.2600736618041992,0.34722137451171875,255,1.0,1.0,7,1,compute-dy-compute-resource-1-1,compute-dy-compute-resource-1-1
experiment,wrapper_sdoclust,blobs,50000,10,5,1.0,0.0,42,joblib,16,0,3125,2000,5,0.044298410415649414,0.24901294708251953,0.29331135749816895,243,1.0,1.0,7,1,compute-dy-compute-resource-1-1,compute-dy-compute-resource-1-1
experiment,wrapper_sdoclust,blobs,50000,10,5,1.0,0.0,42,dask,2,0,25000,2000,5,0.40642666816711426,0.2869868278503418,0.693413496017456,263,1.0,1.0,7,1,compute-dy-compute-resource-1-1,compute-dy-compute-resource-1-1
experiment,wrapper_sdoclust,blobs,50000,10,5,1.0,0.0,42,dask,4,0,12500,2000,5,0.19266295433044434,0.26077866554260254,0.4534416198730469,259,1.0,1.0,7,1,compute-dy-compute-resource-1-1,compute-dy-compute-resource-1-1
experiment,wrapper_sdoclust,blobs,50000,10,5,1.0,0.0,42,dask,8,0,6250,2000,5,0.0881967544555664,0.29625797271728516,0.38445472717285156,255,1.0,1.0,7,1,compute-dy-compute-resource-1-1,compute-dy-compute-resource-1-1
experiment,wrapper_sdoclust,blobs,50000,10,5,1.0,0.0,42,dask,16,0,3125,2000,5,0.057431936264038086,0.253110408782959,0.31054234504699707,243,1.0,1.0,7,1,compute-dy-compute-resource-1-1,compute-dy-compute-resource-1-1
baseline,sdoclust_full,blobs,50000,10,5,2.0,0.0,42,na,-1,-1,-1,2000,-1,1.230269193649292,0.0,1.230269193649292,-1,0.9999000020000001,0.9997462143632678,7,1,compute-dy-compute-resource-1-1,compute-dy-compute-resource-1-1
baseline,kmeans_seq,blobs,50000,10,5,2.0,0.0,42,na,-1,-1,-1,2000,-1,0.028357744216918945,0.0,0.028357744216918945,-1,0.9994502085694134,0.9988499459813086,7,1,compute-dy-compute-resource-1-1,compute-dy-compute-resource-1-1
baseline,minibatch_seq,blobs,50000,10,5,2.0,0.0,42,na,-1,-1,-1,2000,-1,0.03007364273071289,0.0,0.03007364273071289,-1,0.9994002120735889,0.9987230537800077,7,1,compute-dy-compute-resource-1-1,compute-dy-compute-resource-1-1
baseline,minibatch_joblib,blobs,50000,10,5,2.0,0.0,42,na,-1,-1,-1,2000,-1,0.08498668670654297,0.0,0.08498668670654297,-1,0.7195597487365154,0.8650592694724638,7,1,compute-dy-compute-resource-1-1,compute-dy-compute-resource-1-1
baseline,minibatch_dask,blobs,50000,10,5,2.0,0.0,42,na,-1,-1,-1,2000,-1,0.09302878379821777,0.0,0.09302878379821777,-1,0.7195597487365154,0.8650592694724638,7,1,compute-dy-compute-resource-1-1,compute-dy-compute-resource-1-1
experiment,wrapper_sdoclust,blobs,50000,10,5,2.0,0.0,42,seq,2,0,25000,2000,5,0.4044990539550781,0.2738783359527588,0.6783773899078369,262,0.999949998499875,0.999873106560158,7,1,compute-dy-compute-resource-1-1,compute-dy-compute-resource-1-1
experiment,wrapper_sdoclust,blobs,50000,10,5,2.0,0.0,42,seq,4,0,12500,2000,5,0.21695709228515625,0.28965187072753906,0.5066089630126953,260,0.9998000090034004,0.9995333866827281,7,1,compute-dy-compute-resource-1-1,compute-dy-compute-resource-1-1
experiment,wrapper_sdoclust,blobs,50000,10,5,2.0,0.0,42,seq,8,0,6250,2000,5,0.08841300010681152,0.2619781494140625,0.350391149520874,255,0.9998999969999001,0.9997462131201583,7,1,compute-dy-compute-resource-1-1,compute-dy-compute-resource-1-1
experiment,wrapper_sdoclust,blobs,50000,10,5,2.0,0.0,42,seq,16,0,3125,2000,5,0.04355883598327637,0.2543914318084717,0.29795026779174805,240,0.9996000930223992,0.9991184671430389,7,1,compute-dy-compute-resource-1-1,compute-dy-compute-resource-1-1
experiment,wrapper_sdoclust,blobs,50000,10,5,2.0,0.0,42,joblib,2,0,25000,2000,5,0.40110182762145996,0.2745931148529053,0.6756949424743652,262,0.999949998499875,0.999873106560158,7,1,compute-dy-compute-resource-1-1,compute-dy-compute-resource-1-1
experiment,wrapper_sdoclust,blobs,50000,10,5,2.0,0.0,42,joblib,4,0,12500,2000,5,0.19311046600341797,0.2629506587982178,0.45606112480163574,260,0.9998000090034004,0.9995333866827281,7,1,compute-dy-compute-resource-1-1,compute-dy-compute-resource-1-1
experiment,wrapper_sdoclust,blobs,50000,10,5,2.0,0.0,42,joblib,8,0,6250,2000,5,0.08703160285949707,0.2639141082763672,0.35094571113586426,255,0.9998999969999001,0.9997462131201583,7,1,compute-dy-compute-resource-1-1,compute-dy-compute-resource-1-1
experiment,wrapper_sdoclust,blobs,50000,10,5,2.0,0.0,42,joblib,16,0,3125,2000,5,0.04484105110168457,0.2581601142883301,0.30300116539001465,240,0.9996000930223992,0.9991184671430389,7,1,compute-dy-compute-resource-1-1,compute-dy-compute-resource-1-1
experiment,wrapper_sdoclust,blobs,50000,10,5,2.0,0.0,42,dask,2,0,25000,2000,5,0.40561532974243164,0.27689671516418457,0.6825120449066162,262,0.999949998499875,0.999873106560158,7,1,compute-dy-compute-resource-1-1,compute-dy-compute-resource-1-1
experiment,wrapper_sdoclust,blobs,50000,10,5,2.0,0.0,42,dask,4,0,12500,2000,5,0.19472503662109375,0.268115758895874,0.4628407955169678,260,0.9998000090034004,0.9995333866827281,7,1,compute-dy-compute-resource-1-1,compute-dy-compute-resource-1-1
experiment,wrapper_sdoclust,blobs,50000,10,5,2.0,0.0,42,dask,8,0,6250,2000,5,0.08705496788024902,0.26560091972351074,0.35265588760375977,255,0.9998999969999001,0.9997462131201583,7,1,compute-dy-compute-resource-1-1,compute-dy-compute-resource-1-1
experiment,wrapper_sdoclust,blobs,50000,10,5,2.0,0.0,42,dask,16,0,3125,2000,5,0.043496131896972656,0.2633826732635498,0.30687880516052246,240,0.9996000930223992,0.9991184671430389,7,1,compute-dy-compute-resource-1-1,compute-dy-compute-resource-1-1
baseline,sdoclust_full,blobs,50000,50,5,1.0,0.0,42,na,-1,-1,-1,2000,-1,1.957911729812622,0.0,1.957911729812622,-1,1.0,1.0,7,1,compute-dy-compute-resource-1-1,compute-dy-compute-resource-1-1
baseline,kmeans_seq,blobs,50000,50,5,1.0,0.0,42,na,-1,-1,-1,2000,-1,0.0936429500579834,0.0,0.0936429500579834,-1,1.0,1.0,7,1,compute-dy-compute-resource-1-1,compute-dy-compute-resource-1-1
baseline,minibatch_seq,blobs,50000,50,5,1.0,0.0,42,na,-1,-1,-1,2000,-1,0.059514760971069336,0.0,0.059514760971069336,-1,1.0,1.0,7,1,compute-dy-compute-resource-1-1,compute-dy-compute-resource-1-1
baseline,minibatch_joblib,blobs,50000,50,5,1.0,0.0,42,na,-1,-1,-1,2000,-1,0.1376945972442627,0.0,0.1376945972442627,-1,1.0,1.0,7,1,compute-dy-compute-resource-1-1,compute-dy-compute-resource-1-1
baseline,minibatch_dask,blobs,50000,50,5,1.0,0.0,42,na,-1,-1,-1,2000,-1,0.14831185340881348,0.0,0.14831185340881348,-1,1.0,1.0,7,1,compute-dy-compute-resource-1-1,compute-dy-compute-resource-1-1
experiment,wrapper_sdoclust,blobs,50000,50,5,1.0,0.0,42,seq,2,0,25000,2000,5,0.6603877544403076,0.5254220962524414,1.185809850692749,263,1.0,1.0,7,1,compute-dy-compute-resource-1-1,compute-dy-compute-resource-1-1
experiment,wrapper_sdoclust,blobs,50000,50,5,1.0,0.0,42,seq,4,0,12500,2000,5,0.30650877952575684,0.5223567485809326,0.8288655281066895,261,1.0,1.0,7,1,compute-dy-compute-resource-1-1,compute-dy-compute-resource-1-1
experiment,wrapper_sdoclust,blobs,50000,50,5,1.0,0.0,42,seq,8,0,6250,2000,5,0.14289402961730957,0.5198326110839844,0.662726640701294,253,1.0,1.0,7,1,compute-dy-compute-resource-1-1,compute-dy-compute-resource-1-1
experiment,wrapper_sdoclust,blobs,50000,50,5,1.0,0.0,42,seq,16,0,3125,2000,5,0.07146859169006348,0.6287121772766113,0.7001807689666748,239,1.0,1.0,7,1,compute-dy-compute-resource-1-1,compute-dy-compute-resource-1-1
experiment,wrapper_sdoclust,blobs,50000,50,5,1.0,0.0,42,joblib,2,0,25000,2000,5,0.7548160552978516,0.5239934921264648,1.2788095474243164,263,1.0,1.0,7,1,compute-dy-compute-resource-1-1,compute-dy-compute-resource-1-1
experiment,wrapper_sdoclust,blobs,50000,50,5,1.0,0.0,42,joblib,4,0,12500,2000,5,0.31934404373168945,0.5225799083709717,0.8419239521026611,261,1.0,1.0,7,1,compute-dy-compute-resource-1-1,compute-dy-compute-resource-1-1
experiment,wrapper_sdoclust,blobs,50000,50,5,1.0,0.0,42,joblib,8,0,6250,2000,5,0.1432971954345703,0.5205519199371338,0.6638491153717041,253,1.0,1.0,7,1,compute-dy-compute-resource-1-1,compute-dy-compute-resource-1-1
experiment,wrapper_sdoclust,blobs,50000,50,5,1.0,0.0,42,joblib,16,0,3125,2000,5,0.07121396064758301,0.5092406272888184,0.5804545879364014,239,1.0,1.0,7,1,compute-dy-compute-resource-1-1,compute-dy-compute-resource-1-1
experiment,wrapper_sdoclust,blobs,50000,50,5,1.0,0.0,42,dask,2,0,25000,2000,5,0.6508374214172363,0.530663013458252,1.1815004348754883,263,1.0,1.0,7,1,compute-dy-compute-resource-1-1,compute-dy-compute-resource-1-1
experiment,wrapper_sdoclust,blobs,50000,50,5,1.0,0.0,42,dask,4,0,12500,2000,5,0.3094596862792969,0.5473005771636963,0.8567602634429932,261,1.0,1.0,7,1,compute-dy-compute-resource-1-1,compute-dy-compute-resource-1-1
experiment,wrapper_sdoclust,blobs,50000,50,5,1.0,0.0,42,dask,8,0,6250,2000,5,0.1432173252105713,0.5269911289215088,0.6702084541320801,253,1.0,1.0,7,1,compute-dy-compute-resource-1-1,compute-dy-compute-resource-1-1
experiment,wrapper_sdoclust,blobs,50000,50,5,1.0,0.0,42,dask,16,0,3125,2000,5,0.07044410705566406,0.5178487300872803,0.5882928371429443,239,1.0,1.0,7,1,compute-dy-compute-resource-1-1,compute-dy-compute-resource-1-1
baseline,sdoclust_full,blobs,50000,50,5,2.0,0.0,42,na,-1,-1,-1,2000,-1,24.142823696136475,0.0,24.142823696136475,-1,1.0,1.0,7,1,compute-dy-compute-resource-1-1,compute-dy-compute-resource-1-1
baseline,kmeans_seq,blobs,50000,50,5,2.0,0.0,42,na,-1,-1,-1,2000,-1,0.10802316665649414,0.0,0.10802316665649414,-1,1.0,1.0,7,1,compute-dy-compute-resource-1-1,compute-dy-compute-resource-1-1
baseline,minibatch_seq,blobs,50000,50,5,2.0,0.0,42,na,-1,-1,-1,2000,-1,0.057587623596191406,0.0,0.057587623596191406,-1,1.0,1.0,7,1,compute-dy-compute-resource-1-1,compute-dy-compute-resource-1-1
baseline,minibatch_joblib,blobs,50000,50,5,2.0,0.0,42,na,-1,-1,-1,2000,-1,0.14453911781311035,0.0,0.14453911781311035,-1,1.0,1.0,7,1,compute-dy-compute-resource-1-1,compute-dy-compute-resource-1-1
baseline,minibatch_dask,blobs,50000,50,5,2.0,0.0,42,na,-1,-1,-1,2000,-1,0.16725707054138184,0.0,0.16725707054138184,-1,1.0,1.0,7,1,compute-dy-compute-resource-1-1,compute-dy-compute-resource-1-1
experiment,wrapper_sdoclust,blobs,50000,50,5,2.0,0.0,42,seq,2,0,25000,2000,5,0.6636862754821777,0.5228841304779053,1.186570405960083,263,1.0,1.0,7,1,compute-dy-compute-resource-1-1,compute-dy-compute-resource-1-1
experiment,wrapper_sdoclust,blobs,50000,50,5,2.0,0.0,42,seq,4,0,12500,2000,5,0.30640673637390137,0.5299277305603027,0.8363344669342041,258,1.0,1.0,7,1,compute-dy-compute-resource-1-1,compute-dy-compute-resource-1-1
experiment,wrapper_sdoclust,blobs,50000,50,5,2.0,0.0,42,seq,8,0,6250,2000,5,0.14943981170654297,0.5117650032043457,0.6612048149108887,258,1.0,1.0,7,1,compute-dy-compute-resource-1-1,compute-dy-compute-resource-1-1
experiment,wrapper_sdoclust,blobs,50000,50,5,2.0,0.0,42,seq,16,0,3125,2000,5,0.07129192352294922,0.5029287338256836,0.5742206573486328,237,1.0,1.0,7,1,compute-dy-compute-resource-1-1,compute-dy-compute-resource-1-1
experiment,wrapper_sdoclust,blobs,50000,50,5,2.0,0.0,42,joblib,2,0,25000,2000,5,0.657362699508667,0.5236806869506836,1.1810433864593506,263,1.0,1.0,7,1,compute-dy-compute-resource-1-1,compute-dy-compute-resource-1-1
experiment,wrapper_sdoclust,blobs,50000,50,5,2.0,0.0,42,joblib,4,0,12500,2000,5,0.31244683265686035,0.5304698944091797,0.84291672706604,258,1.0,1.0,7,1,compute-dy-compute-resource-1-1,compute-dy-compute-resource-1-1
experiment,wrapper_sdoclust,blobs,50000,50,5,2.0,0.0,42,joblib,8,0,6250,2000,5,0.1421353816986084,0.5145838260650635,0.6567192077636719,258,1.0,1.0,7,1,compute-dy-compute-resource-1-1,compute-dy-compute-resource-1-1
experiment,wrapper_sdoclust,blobs,50000,50,5,2.0,0.0,42,joblib,16,0,3125,2000,5,0.07144665718078613,0.5046243667602539,0.57607102394104,237,1.0,1.0,7,1,compute-dy-compute-resource-1-1,compute-dy-compute-resource-1-1
experiment,wrapper_sdoclust,blobs,50000,50,5,2.0,0.0,42,dask,2,0,25000,2000,5,0.6554312705993652,0.5267477035522461,1.1821789741516113,263,1.0,1.0,7,1,compute-dy-compute-resource-1-1,compute-dy-compute-resource-1-1
experiment,wrapper_sdoclust,blobs,50000,50,5,2.0,0.0,42,dask,4,0,12500,2000,5,0.3260383605957031,0.5343978404998779,0.860436201095581,258,1.0,1.0,7,1,compute-dy-compute-resource-1-1,compute-dy-compute-resource-1-1
experiment,wrapper_sdoclust,blobs,50000,50,5,2.0,0.0,42,dask,8,0,6250,2000,5,0.1435692310333252,0.5204806327819824,0.6640498638153076,258,1.0,1.0,7,1,compute-dy-compute-resource-1-1,compute-dy-compute-resource-1-1
experiment,wrapper_sdoclust,blobs,50000,50,5,2.0,0.0,42,dask,16,0,3125,2000,5,0.0706944465637207,0.5113191604614258,0.5820136070251465,237,1.0,1.0,7,1,compute-dy-compute-resource-1-1,compute-dy-compute-resource-1-1
baseline,sdoclust_full,noisy_blobs,50000,10,5,1.0,0.05,42,na,-1,-1,-1,2000,-1,1.270517349243164,0.0,1.270517349243164,-1,0.9358062072326306,0.9209277220709455,7,1,compute-dy-compute-resource-1-1,compute-dy-compute-resource-1-1
baseline,kmeans_seq,noisy_blobs,50000,10,5,1.0,0.05,42,na,-1,-1,-1,2000,-1,0.05498862266540527,0.0,0.05498862266540527,-1,0.9357742750989047,0.9206297290350404,7,1,compute-dy-compute-resource-1-1,compute-dy-compute-resource-1-1
baseline,minibatch_seq,noisy_blobs,50000,10,5,1.0,0.05,42,na,-1,-1,-1,2000,-1,0.01913619041442871,0.0,0.01913619041442871,-1,0.6705479092690267,0.7966203735296974,7,1,compute-dy-compute-resource-1-1,compute-dy-compute-resource-1-1
baseline,minibatch_joblib,noisy_blobs,50000,10,5,1.0,0.05,42,na,-1,-1,-1,2000,-1,0.10599112510681152,0.0,0.10599112510681152,-1,0.7506122732521018,0.8576194543243137,7,1,compute-dy-compute-resource-1-1,compute-dy-compute-resource-1-1
baseline,minibatch_dask,noisy_blobs,50000,10,5,1.0,0.05,42,na,-1,-1,-1,2000,-1,0.13109350204467773,0.0,0.13109350204467773,-1,0.7506122732521018,0.8576194543243137,7,1,compute-dy-compute-resource-1-1,compute-dy-compute-resource-1-1
experiment,wrapper_sdoclust,noisy_blobs,50000,10,5,1.0,0.05,42,seq,2,0,26250,2000,5,0.4490389823913574,0.2792689800262451,0.7283079624176025,264,0.9357907184282682,0.9207714845164032,7,1,compute-dy-compute-resource-1-1,compute-dy-compute-resource-1-1
experiment,wrapper_sdoclust,noisy_blobs,50000,10,5,1.0,0.05,42,seq,4,0,13125,2000,5,0.21271371841430664,0.2828178405761719,0.4955315589904785,261,0.9357784133474685,0.9206607608271482,7,1,compute-dy-compute-resource-1-1,compute-dy-compute-resource-1-1
experiment,wrapper_sdoclust,noisy_blobs,50000,10,5,1.0,0.05,42,seq,8,0,6563,2000,5,0.09940481185913086,0.2455437183380127,0.34494853019714355,253,0.9357596620463539,0.9204771952523702,7,1,compute-dy-compute-resource-1-1,compute-dy-compute-resource-1-1
experiment,wrapper_sdoclust,noisy_blobs,50000,10,5,1.0,0.05,42,seq,16,0,3282,2000,5,0.04674363136291504,0.24110841751098633,0.28785204887390137,241,0.9357813344515644,0.9206669479504292,7,1,compute-dy-compute-resource-1-1,compute-dy-compute-resource-1-1
experiment,wrapper_sdoclust,noisy_blobs,50000,10,5,1.0,0.05,42,joblib,2,0,26250,2000,5,0.4234015941619873,0.279163122177124,0.7025647163391113,264,0.9357907184282682,0.9207714845164032,7,1,compute-dy-compute-resource-1-1,compute-dy-compute-resource-1-1
experiment,wrapper_sdoclust,noisy_blobs,50000,10,5,1.0,0.05,42,joblib,4,0,13125,2000,5,0.20775938034057617,0.28410768508911133,0.4918670654296875,261,0.9357784133474685,0.9206607608271482,7,1,compute-dy-compute-resource-1-1,compute-dy-compute-resource-1-1
experiment,wrapper_sdoclust,noisy_blobs,50000,10,5,1.0,0.05,42,joblib,8,0,6563,2000,5,0.09139418601989746,0.24750709533691406,0.3389012813568115,253,0.9357596620463539,0.9204771952523702,7,1,compute-dy-compute-resource-1-1,compute-dy-compute-resource-1-1
experiment,wrapper_sdoclust,noisy_blobs,50000,10,5,1.0,0.05,42,joblib,16,0,3282,2000,5,0.0462801456451416,0.2460346221923828,0.2923147678375244,241,0.9357813344515644,0.9206669479504292,7,1,compute-dy-compute-resource-1-1,compute-dy-compute-resource-1-1
experiment,wrapper_sdoclust,noisy_blobs,50000,10,5,1.0,0.05,42,dask,2,0,26250,2000,5,0.43301844596862793,0.2945256233215332,0.7275440692901611,264,0.9357907184282682,0.9207714845164032,7,1,compute-dy-compute-resource-1-1,compute-dy-compute-resource-1-1
experiment,wrapper_sdoclust,noisy_blobs,50000,10,5,1.0,0.05,42,dask,4,0,13125,2000,5,0.20563983917236328,0.2856624126434326,0.4913022518157959,261,0.9357784133474685,0.9206607608271482,7,1,compute-dy-compute-resource-1-1,compute-dy-compute-resource-1-1
experiment,wrapper_sdoclust,noisy_blobs,50000,10,5,1.0,0.05,42,dask,8,0,6563,2000,5,0.09121417999267578,0.25092577934265137,0.34213995933532715,253,0.9357596620463539,0.9204771952523702,7,1,compute-dy-compute-resource-1-1,compute-dy-compute-resource-1-1
experiment,wrapper_sdoclust,noisy_blobs,50000,10,5,1.0,0.05,42,dask,16,0,3282,2000,5,0.04611039161682129,0.25086212158203125,0.29697251319885254,241,0.9357813344515644,0.9206669479504292,7,1,compute-dy-compute-resource-1-1,compute-dy-compute-resource-1-1
baseline,sdoclust_full,noisy_blobs,50000,10,5,2.0,0.05,42,na,-1,-1,-1,2000,-1,1.1963284015655518,0.0,1.1963284015655518,-1,0.9355779281974503,0.9197237332042132,7,1,compute-dy-compute-resource-1-1,compute-dy-compute-resource-1-1
baseline,kmeans_seq,noisy_blobs,50000,10,5,2.0,0.05,42,na,-1,-1,-1,2000,-1,0.03228425979614258,0.0,0.03228425979614258,-1,0.9353878615688453,0.9193498738440862,7,1,compute-dy-compute-resource-1-1,compute-dy-compute-resource-1-1
baseline,minibatch_seq,noisy_blobs,50000,10,5,2.0,0.05,42,na,-1,-1,-1,2000,-1,0.034837961196899414,0.0,0.034837961196899414,-1,0.6728830203305379,0.7942195308676058,7,1,compute-dy-compute-resource-1-1,compute-dy-compute-resource-1-1
baseline,minibatch_joblib,noisy_blobs,50000,10,5,2.0,0.05,42,na,-1,-1,-1,2000,-1,0.10615777969360352,0.0,0.10615777969360352,-1,0.7428299190406916,0.8411460457860027,7,1,compute-dy-compute-resource-1-1,compute-dy-compute-resource-1-1
baseline,minibatch_dask,noisy_blobs,50000,10,5,2.0,0.05,42,na,-1,-1,-1,2000,-1,0.11864852905273438,0.0,0.11864852905273438,-1,0.7428299190406916,0.8411460457860027,7,1,compute-dy-compute-resource-1-1,compute-dy-compute-resource-1-1
experiment,wrapper_sdoclust,noisy_blobs,50000,10,5,2.0,0.05,42,seq,2,0,26250,2000,5,0.42560362815856934,0.28270792961120605,0.7083115577697754,264,0.9356673542090866,0.9198983003016594,7,1,compute-dy-compute-resource-1-1,compute-dy-compute-resource-1-1
experiment,wrapper_sdoclust,noisy_blobs,50000,10,5,2.0,0.05,42,seq,4,0,13125,2000,5,0.2067255973815918,0.28491902351379395,0.49164462089538574,263,0.9356620028076734,0.9198566927162646,7,1,compute-dy-compute-resource-1-1,compute-dy-compute-resource-1-1
experiment,wrapper_sdoclust,noisy_blobs,50000,10,5,2.0,0.05,42,seq,8,0,6563,2000,5,0.09253573417663574,0.2794218063354492,0.37195754051208496,254,0.9356699579962982,0.9199276803444715,7,1,compute-dy-compute-resource-1-1,compute-dy-compute-resource-1-1
experiment,wrapper_sdoclust,noisy_blobs,50000,10,5,2.0,0.05,42,seq,16,0,3282,2000,5,0.0464475154876709,0.26735877990722656,0.31380629539489746,246,0.9354352136616351,0.9193996850966439,7,1,compute-dy-compute-resource-1-1,compute-dy-compute-resource-1-1
experiment,wrapper_sdoclust,noisy_blobs,50000,10,5,2.0,0.05,42,joblib,2,0,26250,2000,5,0.42578554153442383,0.2828197479248047,0.7086052894592285,264,0.9356673542090866,0.9198983003016594,7,1,compute-dy-compute-resource-1-1,compute-dy-compute-resource-1-1
experiment,wrapper_sdoclust,noisy_blobs,50000,10,5,2.0,0.05,42,joblib,4,0,13125,2000,5,0.2075481414794922,0.28398942947387695,0.49153757095336914,263,0.9356620028076734,0.9198566927162646,7,1,compute-dy-compute-resource-1-1,compute-dy-compute-resource-1-1
experiment,wrapper_sdoclust,noisy_blobs,50000,10,5,2.0,0.05,42,joblib,8,0,6563,2000,5,0.09168601036071777,0.2790236473083496,0.3707096576690674,254,0.9356699579962982,0.9199276803444715,7,1,compute-dy-compute-resource-1-1,compute-dy-compute-resource-1-1
experiment,wrapper_sdoclust,noisy_blobs,50000,10,5,2.0,0.05,42,joblib,16,0,3282,2000,5,0.04697561264038086,0.2680816650390625,0.31505727767944336,246,0.9354352136616351,0.9193996850966439,7,1,compute-dy-compute-resource-1-1,compute-dy-compute-resource-1-1
experiment,wrapper_sdoclust,noisy_blobs,50000,10,5,2.0,0.05,42,dask,2,0,26250,2000,5,0.4249715805053711,0.28491711616516113,0.7098886966705322,264,0.9356673542090866,0.9198983003016594,7,1,compute-dy-compute-resource-1-1,compute-dy-compute-resource-1-1
experiment,wrapper_sdoclust,noisy_blobs,50000,10,5,2.0,0.05,42,dask,4,0,13125,2000,5,0.20580649375915527,0.28578948974609375,0.491595983505249,263,0.9356620028076734,0.9198566927162646,7,1,compute-dy-compute-resource-1-1,compute-dy-compute-resource-1-1
experiment,wrapper_sdoclust,noisy_blobs,50000,10,5,2.0,0.05,42,dask,8,0,6563,2000,5,0.0912466049194336,0.2834281921386719,0.37467479705810547,254,0.9356699579962982,0.9199276803444715,7,1,compute-dy-compute-resource-1-1,compute-dy-compute-resource-1-1
experiment,wrapper_sdoclust,noisy_blobs,50000,10,5,2.0,0.05,42,dask,16,0,3282,2000,5,0.04765462875366211,0.2737746238708496,0.3214292526245117,246,0.9354352136616351,0.9193996850966439,7,1,compute-dy-compute-resource-1-1,compute-dy-compute-resource-1-1
baseline,sdoclust_full,noisy_blobs,50000,50,5,1.0,0.05,42,na,-1,-1,-1,2000,-1,37.21271729469299,0.0,37.21271729469299,-1,0.9357031499572327,0.9198904820193052,7,1,compute-dy-compute-resource-1-1,compute-dy-compute-resource-1-1
baseline,kmeans_seq,noisy_blobs,50000,50,5,1.0,0.05,42,na,-1,-1,-1,2000,-1,0.1348123550415039,0.0,0.1348123550415039,-1,0.9357128172225544,0.9199854162764673,7,1,compute-dy-compute-resource-1-1,compute-dy-compute-resource-1-1
baseline,minibatch_seq,noisy_blobs,50000,50,5,1.0,0.05,42,na,-1,-1,-1,2000,-1,0.03211665153503418,0.0,0.03211665153503418,-1,0.935700070333611,0.9198689386396056,7,1,compute-dy-compute-resource-1-1,compute-dy-compute-resource-1-1
baseline,minibatch_joblib,noisy_blobs,50000,50,5,1.0,0.05,42,na,-1,-1,-1,2000,-1,0.11509156227111816,0.0,0.11509156227111816,-1,0.9357092945631074,0.9199579195726194,7,1,compute-dy-compute-resource-1-1,compute-dy-compute-resource-1-1
baseline,minibatch_dask,noisy_blobs,50000,50,5,1.0,0.05,42,na,-1,-1,-1,2000,-1,0.12695622444152832,0.0,0.12695622444152832,-1,0.9357092945631074,0.9199579195726194,7,1,compute-dy-compute-resource-1-1,compute-dy-compute-resource-1-1
experiment,wrapper_sdoclust,noisy_blobs,50000,50,5,1.0,0.05,42,seq,2,0,26250,2000,5,0.7008516788482666,0.5727486610412598,1.2736003398895264,263,0.9356988896052908,0.9198671879003697,7,1,compute-dy-compute-resource-1-1,compute-dy-compute-resource-1-1
experiment,wrapper_sdoclust,noisy_blobs,50000,50,5,1.0,0.05,42,seq,4,0,13125,2000,5,0.32410216331481934,0.5418643951416016,0.8659665584564209,263,0.9356842995585521,0.9197282016270593,7,1,compute-dy-compute-resource-1-1,compute-dy-compute-resource-1-1
experiment,wrapper_sdoclust,noisy_blobs,50000,50,5,1.0,0.05,42,seq,8,0,6563,2000,5,0.1514418125152588,0.5352175235748291,0.6866593360900879,252,0.9357120138530343,0.9199744182034681,7,1,compute-dy-compute-resource-1-1,compute-dy-compute-resource-1-1
experiment,wrapper_sdoclust,noisy_blobs,50000,50,5,1.0,0.05,42,seq,16,0,3282,2000,5,0.07496905326843262,0.532015323638916,0.6069843769073486,248,0.9357042941622805,0.9199057087439448,7,1,compute-dy-compute-resource-1-1,compute-dy-compute-resource-1-1
experiment,wrapper_sdoclust,noisy_blobs,50000,50,5,1.0,0.05,42,joblib,2,0,26250,2000,5,0.688605546951294,0.5740787982940674,1.2626843452453613,263,0.9356988896052908,0.9198671879003697,7,1,compute-dy-compute-resource-1-1,compute-dy-compute-resource-1-1
experiment,wrapper_sdoclust,noisy_blobs,50000,50,5,1.0,0.05,42,joblib,4,0,13125,2000,5,0.33196473121643066,0.5719537734985352,0.9039185047149658,263,0.9356842995585521,0.9197282016270593,7,1,compute-dy-compute-resource-1-1,compute-dy-compute-resource-1-1
experiment,wrapper_sdoclust,noisy_blobs,50000,50,5,1.0,0.05,42,joblib,8,0,6563,2000,5,0.15058016777038574,0.5282821655273438,0.6788623332977295,252,0.9357120138530343,0.9199744182034681,7,1,compute-dy-compute-resource-1-1,compute-dy-compute-resource-1-1
experiment,wrapper_sdoclust,noisy_blobs,50000,50,5,1.0,0.05,42,joblib,16,0,3282,2000,5,0.07478618621826172,0.5284135341644287,0.6031997203826904,248,0.9357042941622805,0.9199057087439448,7,1,compute-dy-compute-resource-1-1,compute-dy-compute-resource-1-1
experiment,wrapper_sdoclust,noisy_blobs,50000,50,5,1.0,0.05,42,dask,2,0,26250,2000,5,0.6916873455047607,0.578449010848999,1.2701363563537598,263,0.9356988896052908,0.9198671879003697,7,1,compute-dy-compute-resource-1-1,compute-dy-compute-resource-1-1
experiment,wrapper_sdoclust,noisy_blobs,50000,50,5,1.0,0.05,42,dask,4,0,13125,2000,5,0.33079075813293457,0.5469694137573242,0.8777601718902588,263,0.9356842995585521,0.9197282016270593,7,1,compute-dy-compute-resource-1-1,compute-dy-compute-resource-1-1
experiment,wrapper_sdoclust,noisy_blobs,50000,50,5,1.0,0.05,42,dask,8,0,6563,2000,5,0.15022754669189453,0.5320539474487305,0.682281494140625,252,0.9357120138530343,0.9199744182034681,7,1,compute-dy-compute-resource-1-1,compute-dy-compute-resource-1-1
experiment,wrapper_sdoclust,noisy_blobs,50000,50,5,1.0,0.05,42,dask,16,0,3282,2000,5,0.07523512840270996,0.5348541736602783,0.6100893020629883,248,0.9357042941622805,0.9199057087439448,7,1,compute-dy-compute-resource-1-1,compute-dy-compute-resource-1-1
baseline,sdoclust_full,noisy_blobs,50000,50,5,2.0,0.05,42,na,-1,-1,-1,2000,-1,2.8023409843444824,0.0,2.8023409843444824,-1,0.9356916177421645,0.9197906277549193,7,1,compute-dy-compute-resource-1-1,compute-dy-compute-resource-1-1
baseline,kmeans_seq,noisy_blobs,50000,50,5,2.0,0.05,42,na,-1,-1,-1,2000,-1,0.11904144287109375,0.0,0.11904144287109375,-1,0.935688318968191,0.9197636932160034,7,1,compute-dy-compute-resource-1-1,compute-dy-compute-resource-1-1
baseline,minibatch_seq,noisy_blobs,50000,50,5,2.0,0.05,42,na,-1,-1,-1,2000,-1,0.03638744354248047,0.0,0.03638744354248047,-1,0.6616671977772102,0.7968936808823668,7,1,compute-dy-compute-resource-1-1,compute-dy-compute-resource-1-1
baseline,minibatch_joblib,noisy_blobs,50000,50,5,2.0,0.05,42,na,-1,-1,-1,2000,-1,0.1565244197845459,0.0,0.1565244197845459,-1,0.7800869003997472,0.8987001713774236,7,1,compute-dy-compute-resource-1-1,compute-dy-compute-resource-1-1
baseline,minibatch_dask,noisy_blobs,50000,50,5,2.0,0.05,42,na,-1,-1,-1,2000,-1,0.1756882667541504,0.0,0.1756882667541504,-1,0.7800869003997472,0.8987001713774236,7,1,compute-dy-compute-resource-1-1,compute-dy-compute-resource-1-1
experiment,wrapper_sdoclust,noisy_blobs,50000,50,5,2.0,0.05,42,seq,2,0,26250,2000,5,0.6962306499481201,0.576331377029419,1.272562026977539,264,0.9356929737657095,0.9198190280161554,7,1,compute-dy-compute-resource-1-1,compute-dy-compute-resource-1-1
experiment,wrapper_sdoclust,noisy_blobs,50000,50,5,2.0,0.05,42,seq,4,0,13125,2000,5,0.32739973068237305,0.544367790222168,0.871767520904541,262,0.9356723629403646,0.9196208664608903,7,1,compute-dy-compute-resource-1-1,compute-dy-compute-resource-1-1
experiment,wrapper_sdoclust,noisy_blobs,50000,50,5,2.0,0.05,42,seq,8,0,6563,2000,5,0.15697503089904785,0.5545549392700195,0.7115299701690674,257,0.9356929202064735,0.9198082042626008,7,1,compute-dy-compute-resource-1-1,compute-dy-compute-resource-1-1
experiment,wrapper_sdoclust,noisy_blobs,50000,50,5,2.0,0.05,42,seq,16,0,3282,2000,5,0.07629275321960449,0.5360379219055176,0.6123306751251221,240,0.9357068625316438,0.9199364005258501,7,1,compute-dy-compute-resource-1-1,compute-dy-compute-resource-1-1
experiment,wrapper_sdoclust,noisy_blobs,50000,50,5,2.0,0.05,42,joblib,2,0,26250,2000,5,0.6986823081970215,0.5763778686523438,1.2750601768493652,264,0.9356929737657095,0.9198190280161554,7,1,compute-dy-compute-resource-1-1,compute-dy-compute-resource-1-1
experiment,wrapper_sdoclust,noisy_blobs,50000,50,5,2.0,0.05,42,joblib,4,0,13125,2000,5,0.3339533805847168,0.5434417724609375,0.8773951530456543,262,0.9356723629403646,0.9196208664608903,7,1,compute-dy-compute-resource-1-1,compute-dy-compute-resource-1-1
experiment,wrapper_sdoclust,noisy_blobs,50000,50,5,2.0,0.05,42,joblib,8,0,6563,2000,5,0.14998102188110352,0.5552206039428711,0.7052016258239746,257,0.9356929202064735,0.9198082042626008,7,1,compute-dy-compute-resource-1-1,compute-dy-compute-resource-1-1
experiment,wrapper_sdoclust,noisy_blobs,50000,50,5,2.0,0.05,42,joblib,16,0,3282,2000,5,0.07500648498535156,0.5322856903076172,0.6072921752929688,240,0.9357068625316438,0.9199364005258501,7,1,compute-dy-compute-resource-1-1,compute-dy-compute-resource-1-1
experiment,wrapper_sdoclust,noisy_blobs,50000,50,5,2.0,0.05,42,dask,2,0,26250,2000,5,0.6834516525268555,0.5776104927062988,1.2610621452331543,264,0.9356929737657095,0.9198190280161554,7,1,compute-dy-compute-resource-1-1,compute-dy-compute-resource-1-1
experiment,wrapper_sdoclust,noisy_blobs,50000,50,5,2.0,0.05,42,dask,4,0,13125,2000,5,0.3307468891143799,0.5504088401794434,0.8811557292938232,262,0.9356723629403646,0.9196208664608903,7,1,compute-dy-compute-resource-1-1,compute-dy-compute-resource-1-1
experiment,wrapper_sdoclust,noisy_blobs,50000,50,5,2.0,0.05,42,dask,8,0,6563,2000,5,0.15113568305969238,0.5611798763275146,0.712315559387207,257,0.9356929202064735,0.9198082042626008,7,1,compute-dy-compute-resource-1-1,compute-dy-compute-resource-1-1
experiment,wrapper_sdoclust,noisy_blobs,50000,50,5,2.0,0.05,42,dask,16,0,3282,2000,5,0.07502436637878418,0.5411949157714844,0.6162192821502686,240,0.9357068625316438,0.9199364005258501,7,1,compute-dy-compute-resource-1-1,compute-dy-compute-resource-1-1
baseline,sdoclust_full,blobs,50000,10,5,1.0,0.0,42,na,-1,-1,-1,2000,-1,1.5330204963684082,0.0,1.5330204963684082,-1,1.0,1.0,8,1,compute-dy-compute-resource-1-1,compute-dy-compute-resource-1-1
baseline,kmeans_seq,blobs,50000,10,5,1.0,0.0,42,na,-1,-1,-1,2000,-1,0.14673471450805664,0.0,0.14673471450805664,-1,1.0,1.0,8,1,compute-dy-compute-resource-1-1,compute-dy-compute-resource-1-1
baseline,minibatch_seq,blobs,50000,10,5,1.0,0.0,42,na,-1,-1,-1,2000,-1,0.03430986404418945,0.0,0.03430986404418945,-1,1.0,1.0,8,1,compute-dy-compute-resource-1-1,compute-dy-compute-resource-1-1
baseline,minibatch_joblib,blobs,50000,10,5,1.0,0.0,42,na,-1,-1,-1,2000,-1,0.09531545639038086,0.0,0.09531545639038086,-1,0.7203868260100619,0.8655286660050125,8,1,compute-dy-compute-resource-1-1,compute-dy-compute-resource-1-1
baseline,minibatch_dask,blobs,50000,10,5,1.0,0.0,42,na,-1,-1,-1,2000,-1,0.12119841575622559,0.0,0.12119841575622559,-1,0.7203868260100619,0.8655286660050125,8,1,compute-dy-compute-resource-1-1,compute-dy-compute-resource-1-1
experiment,wrapper_sdoclust,blobs,50000,10,5,1.0,0.0,42,seq,2,0,25000,2000,5,0.43070411682128906,0.2840254306793213,0.7147295475006104,263,1.0,1.0,8,1,compute-dy-compute-resource-1-1,compute-dy-compute-resource-1-1
experiment,wrapper_sdoclust,blobs,50000,10,5,1.0,0.0,42,seq,4,0,12500,2000,5,0.20144915580749512,0.29057860374450684,0.49202775955200195,259,1.0,1.0,8,1,compute-dy-compute-resource-1-1,compute-dy-compute-resource-1-1
experiment,wrapper_sdoclust,blobs,50000,10,5,1.0,0.0,42,seq,8,0,6250,2000,5,0.1079568862915039,0.32755374908447266,0.43551063537597656,255,1.0,1.0,8,1,compute-dy-compute-resource-1-1,compute-dy-compute-resource-1-1
experiment,wrapper_sdoclust,blobs,50000,10,5,1.0,0.0,42,seq,16,0,3125,2000,5,0.05475330352783203,0.27285099029541016,0.3276042938232422,243,1.0,1.0,8,1,compute-dy-compute-resource-1-1,compute-dy-compute-resource-1-1
experiment,wrapper_sdoclust,blobs,50000,10,5,1.0,0.0,42,joblib,2,0,25000,2000,5,0.4105403423309326,0.29343509674072266,0.7039754390716553,263,1.0,1.0,8,1,compute-dy-compute-resource-1-1,compute-dy-compute-resource-1-1
experiment,wrapper_sdoclust,blobs,50000,10,5,1.0,0.0,42,joblib,4,0,12500,2000,5,0.19327473640441895,0.25402140617370605,0.447296142578125,259,1.0,1.0,8,1,compute-dy-compute-resource-1-1,compute-dy-compute-resource-1-1
experiment,wrapper_sdoclust,blobs,50000,10,5,1.0,0.0,42,joblib,8,0,6250,2000,5,0.09138059616088867,0.27498865127563477,0.36636924743652344,255,1.0,1.0,8,1,compute-dy-compute-resource-1-1,compute-dy-compute-resource-1-1
experiment,wrapper_sdoclust,blobs,50000,10,5,1.0,0.0,42,joblib,16,0,3125,2000,5,0.043734073638916016,0.2326350212097168,0.2763690948486328,243,1.0,1.0,8,1,compute-dy-compute-resource-1-1,compute-dy-compute-resource-1-1
experiment,wrapper_sdoclust,blobs,50000,10,5,1.0,0.0,42,dask,2,0,25000,2000,5,0.40994763374328613,0.29007697105407715,0.7000246047973633,263,1.0,1.0,8,1,compute-dy-compute-resource-1-1,compute-dy-compute-resource-1-1
experiment,wrapper_sdoclust,blobs,50000,10,5,1.0,0.0,42,dask,4,0,12500,2000,5,0.1947648525238037,0.26416659355163574,0.45893144607543945,259,1.0,1.0,8,1,compute-dy-compute-resource-1-1,compute-dy-compute-resource-1-1
experiment,wrapper_sdoclust,blobs,50000,10,5,1.0,0.0,42,dask,8,0,6250,2000,5,0.08702754974365234,0.2659311294555664,0.35295867919921875,255,1.0,1.0,8,1,compute-dy-compute-resource-1-1,compute-dy-compute-resource-1-1
experiment,wrapper_sdoclust,blobs,50000,10,5,1.0,0.0,42,dask,16,0,3125,2000,5,0.04366636276245117,0.23947644233703613,0.2831428050994873,243,1.0,1.0,8,1,compute-dy-compute-resource-1-1,compute-dy-compute-resource-1-1
baseline,sdoclust_full,blobs,50000,10,5,2.0,0.0,42,na,-1,-1,-1,2000,-1,1.2226266860961914,0.0,1.2226266860961914,-1,0.9999000020000001,0.9997462143632678,8,1,compute-dy-compute-resource-1-1,compute-dy-compute-resource-1-1
baseline,kmeans_seq,blobs,50000,10,5,2.0,0.0,42,na,-1,-1,-1,2000,-1,0.029545307159423828,0.0,0.029545307159423828,-1,0.9994502085694134,0.9988499459813086,8,1,compute-dy-compute-resource-1-1,compute-dy-compute-resource-1-1
baseline,minibatch_seq,blobs,50000,10,5,2.0,0.0,42,na,-1,-1,-1,2000,-1,0.03177833557128906,0.0,0.03177833557128906,-1,0.9994002120735889,0.9987230537800077,8,1,compute-dy-compute-resource-1-1,compute-dy-compute-resource-1-1
baseline,minibatch_joblib,blobs,50000,10,5,2.0,0.0,42,na,-1,-1,-1,2000,-1,0.08685421943664551,0.0,0.08685421943664551,-1,0.7195597487365154,0.8650592694724638,8,1,compute-dy-compute-resource-1-1,compute-dy-compute-resource-1-1
baseline,minibatch_dask,blobs,50000,10,5,2.0,0.0,42,na,-1,-1,-1,2000,-1,0.0964961051940918,0.0,0.0964961051940918,-1,0.7195597487365154,0.8650592694724638,8,1,compute-dy-compute-resource-1-1,compute-dy-compute-resource-1-1
experiment,wrapper_sdoclust,blobs,50000,10,5,2.0,0.0,42,seq,2,0,25000,2000,5,0.4105358123779297,0.27480077743530273,0.6853365898132324,262,0.999949998499875,0.999873106560158,8,1,compute-dy-compute-resource-1-1,compute-dy-compute-resource-1-1
experiment,wrapper_sdoclust,blobs,50000,10,5,2.0,0.0,42,seq,4,0,12500,2000,5,0.19405388832092285,0.262951135635376,0.45700502395629883,260,0.9998000090034004,0.9995333866827281,8,1,compute-dy-compute-resource-1-1,compute-dy-compute-resource-1-1
experiment,wrapper_sdoclust,blobs,50000,10,5,2.0,0.0,42,seq,8,0,6250,2000,5,0.08918333053588867,0.26258301734924316,0.35176634788513184,255,0.9998999969999001,0.9997462131201583,8,1,compute-dy-compute-resource-1-1,compute-dy-compute-resource-1-1
experiment,wrapper_sdoclust,blobs,50000,10,5,2.0,0.0,42,seq,16,0,3125,2000,5,0.044342041015625,0.25545573234558105,0.29979777336120605,240,0.9996000930223992,0.9991184671430389,8,1,compute-dy-compute-resource-1-1,compute-dy-compute-resource-1-1
experiment,wrapper_sdoclust,blobs,50000,10,5,2.0,0.0,42,joblib,2,0,25000,2000,5,0.413283109664917,0.274188756942749,0.687471866607666,262,0.999949998499875,0.999873106560158,8,1,compute-dy-compute-resource-1-1,compute-dy-compute-resource-1-1
experiment,wrapper_sdoclust,blobs,50000,10,5,2.0,0.0,42,joblib,4,0,12500,2000,5,0.19371438026428223,0.2653040885925293,0.4590184688568115,260,0.9998000090034004,0.9995333866827281,8,1,compute-dy-compute-resource-1-1,compute-dy-compute-resource-1-1
experiment,wrapper_sdoclust,blobs,50000,10,5,2.0,0.0,42,joblib,8,0,6250,2000,5,0.0889444351196289,0.2633781433105469,0.3523225784301758,255,0.9998999969999001,0.9997462131201583,8,1,compute-dy-compute-resource-1-1,compute-dy-compute-resource-1-1
experiment,wrapper_sdoclust,blobs,50000,10,5,2.0,0.0,42,joblib,16,0,3125,2000,5,0.05057883262634277,0.2568328380584717,0.30741167068481445,240,0.9996000930223992,0.9991184671430389,8,1,compute-dy-compute-resource-1-1,compute-dy-compute-resource-1-1
experiment,wrapper_sdoclust,blobs,50000,10,5,2.0,0.0,42,dask,2,0,25000,2000,5,0.4089350700378418,0.27521181106567383,0.6841468811035156,262,0.999949998499875,0.999873106560158,8,1,compute-dy-compute-resource-1-1,compute-dy-compute-resource-1-1
experiment,wrapper_sdoclust,blobs,50000,10,5,2.0,0.0,42,dask,4,0,12500,2000,5,0.19344496726989746,0.26748204231262207,0.46092700958251953,260,0.9998000090034004,0.9995333866827281,8,1,compute-dy-compute-resource-1-1,compute-dy-compute-resource-1-1
experiment,wrapper_sdoclust,blobs,50000,10,5,2.0,0.0,42,dask,8,0,6250,2000,5,0.08763003349304199,0.2667505741119385,0.35438060760498047,255,0.9998999969999001,0.9997462131201583,8,1,compute-dy-compute-resource-1-1,compute-dy-compute-resource-1-1
experiment,wrapper_sdoclust,blobs,50000,10,5,2.0,0.0,42,dask,16,0,3125,2000,5,0.04408121109008789,0.2652008533477783,0.3092820644378662,240,0.9996000930223992,0.9991184671430389,8,1,compute-dy-compute-resource-1-1,compute-dy-compute-resource-1-1
baseline,sdoclust_full,blobs,50000,50,5,1.0,0.0,42,na,-1,-1,-1,2000,-1,1.9534192085266113,0.0,1.9534192085266113,-1,1.0,1.0,8,1,compute-dy-compute-resource-1-1,compute-dy-compute-resource-1-1
baseline,kmeans_seq,blobs,50000,50,5,1.0,0.0,42,na,-1,-1,-1,2000,-1,0.09588479995727539,0.0,0.09588479995727539,-1,1.0,1.0,8,1,compute-dy-compute-resource-1-1,compute-dy-compute-resource-1-1
baseline,minibatch_seq,blobs,50000,50,5,1.0,0.0,42,na,-1,-1,-1,2000,-1,0.06126976013183594,0.0,0.06126976013183594,-1,1.0,1.0,8,1,compute-dy-compute-resource-1-1,compute-dy-compute-resource-1-1
baseline,minibatch_joblib,blobs,50000,50,5,1.0,0.0,42,na,-1,-1,-1,2000,-1,0.14563894271850586,0.0,0.14563894271850586,-1,1.0,1.0,8,1,compute-dy-compute-resource-1-1,compute-dy-compute-resource-1-1
baseline,minibatch_dask,blobs,50000,50,5,1.0,0.0,42,na,-1,-1,-1,2000,-1,0.15306305885314941,0.0,0.15306305885314941,-1,1.0,1.0,8,1,compute-dy-compute-resource-1-1,compute-dy-compute-resource-1-1
experiment,wrapper_sdoclust,blobs,50000,50,5,1.0,0.0,42,seq,2,0,25000,2000,5,0.6608786582946777,0.5260932445526123,1.18697190284729,263,1.0,1.0,8,1,compute-dy-compute-resource-1-1,compute-dy-compute-resource-1-1
experiment,wrapper_sdoclust,blobs,50000,50,5,1.0,0.0,42,seq,4,0,12500,2000,5,0.3107271194458008,0.5239272117614746,0.8346543312072754,261,1.0,1.0,8,1,compute-dy-compute-resource-1-1,compute-dy-compute-resource-1-1
experiment,wrapper_sdoclust,blobs,50000,50,5,1.0,0.0,42,seq,8,0,6250,2000,5,0.1430044174194336,0.5220959186553955,0.6651003360748291,253,1.0,1.0,8,1,compute-dy-compute-resource-1-1,compute-dy-compute-resource-1-1
experiment,wrapper_sdoclust,blobs,50000,50,5,1.0,0.0,42,seq,16,0,3125,2000,5,0.07173752784729004,0.5101079940795898,0.5818455219268799,239,1.0,1.0,8,1,compute-dy-compute-resource-1-1,compute-dy-compute-resource-1-1
experiment,wrapper_sdoclust,blobs,50000,50,5,1.0,0.0,42,joblib,2,0,25000,2000,5,0.6500084400177002,0.5252468585968018,1.175255298614502,263,1.0,1.0,8,1,compute-dy-compute-resource-1-1,compute-dy-compute-resource-1-1
experiment,wrapper_sdoclust,blobs,50000,50,5,1.0,0.0,42,joblib,4,0,12500,2000,5,0.30982494354248047,0.5270109176635742,0.8368358612060547,261,1.0,1.0,8,1,compute-dy-compute-resource-1-1,compute-dy-compute-resource-1-1
experiment,wrapper_sdoclust,blobs,50000,50,5,1.0,0.0,42,joblib,8,0,6250,2000,5,0.14560461044311523,0.52097487449646,0.6665794849395752,253,1.0,1.0,8,1,compute-dy-compute-resource-1-1,compute-dy-compute-resource-1-1
experiment,wrapper_sdoclust,blobs,50000,50,5,1.0,0.0,42,joblib,16,0,3125,2000,5,0.07082533836364746,0.5123960971832275,0.583221435546875,239,1.0,1.0,8,1,compute-dy-compute-resource-1-1,compute-dy-compute-resource-1-1
experiment,wrapper_sdoclust,blobs,50000,50,5,1.0,0.0,42,dask,2,0,25000,2000,5,0.6574685573577881,0.5305044651031494,1.1879730224609375,263,1.0,1.0,8,1,compute-dy-compute-resource-1-1,compute-dy-compute-resource-1-1
experiment,wrapper_sdoclust,blobs,50000,50,5,1.0,0.0,42,dask,4,0,12500,2000,5,0.30963921546936035,0.5324208736419678,0.8420600891113281,261,1.0,1.0,8,1,compute-dy-compute-resource-1-1,compute-dy-compute-resource-1-1
experiment,wrapper_sdoclust,blobs,50000,50,5,1.0,0.0,42,dask,8,0,6250,2000,5,0.14335393905639648,0.5274088382720947,0.6707627773284912,253,1.0,1.0,8,1,compute-dy-compute-resource-1-1,compute-dy-compute-resource-1-1
experiment,wrapper_sdoclust,blobs,50000,50,5,1.0,0.0,42,dask,16,0,3125,2000,5,0.07101655006408691,0.5168678760528564,0.5878844261169434,239,1.0,1.0,8,1,compute-dy-compute-resource-1-1,compute-dy-compute-resource-1-1
baseline,sdoclust_full,blobs,50000,50,5,2.0,0.0,42,na,-1,-1,-1,2000,-1,4.429074048995972,0.0,4.429074048995972,-1,1.0,1.0,8,1,compute-dy-compute-resource-1-1,compute-dy-compute-resource-1-1
baseline,kmeans_seq,blobs,50000,50,5,2.0,0.0,42,na,-1,-1,-1,2000,-1,0.10239911079406738,0.0,0.10239911079406738,-1,1.0,1.0,8,1,compute-dy-compute-resource-1-1,compute-dy-compute-resource-1-1
baseline,minibatch_seq,blobs,50000,50,5,2.0,0.0,42,na,-1,-1,-1,2000,-1,0.05835270881652832,0.0,0.05835270881652832,-1,1.0,1.0,8,1,compute-dy-compute-resource-1-1,compute-dy-compute-resource-1-1
baseline,minibatch_joblib,blobs,50000,50,5,2.0,0.0,42,na,-1,-1,-1,2000,-1,0.14877009391784668,0.0,0.14877009391784668,-1,1.0,1.0,8,1,compute-dy-compute-resource-1-1,compute-dy-compute-resource-1-1
baseline,minibatch_dask,blobs,50000,50,5,2.0,0.0,42,na,-1,-1,-1,2000,-1,0.1680314540863037,0.0,0.1680314540863037,-1,1.0,1.0,8,1,compute-dy-compute-resource-1-1,compute-dy-compute-resource-1-1
experiment,wrapper_sdoclust,blobs,50000,50,5,2.0,0.0,42,seq,2,0,25000,2000,5,0.6611363887786865,0.5226471424102783,1.1837835311889648,263,1.0,1.0,8,1,compute-dy-compute-resource-1-1,compute-dy-compute-resource-1-1
experiment,wrapper_sdoclust,blobs,50000,50,5,2.0,0.0,42,seq,4,0,12500,2000,5,0.3090376853942871,0.5286414623260498,0.8376791477203369,258,1.0,1.0,8,1,compute-dy-compute-resource-1-1,compute-dy-compute-resource-1-1
experiment,wrapper_sdoclust,blobs,50000,50,5,2.0,0.0,42,seq,8,0,6250,2000,5,0.15058636665344238,0.5136561393737793,0.6642425060272217,258,1.0,1.0,8,1,compute-dy-compute-resource-1-1,compute-dy-compute-resource-1-1
experiment,wrapper_sdoclust,blobs,50000,50,5,2.0,0.0,42,seq,16,0,3125,2000,5,0.07137322425842285,0.5043177604675293,0.5756909847259521,237,1.0,1.0,8,1,compute-dy-compute-resource-1-1,compute-dy-compute-resource-1-1
experiment,wrapper_sdoclust,blobs,50000,50,5,2.0,0.0,42,joblib,2,0,25000,2000,5,0.6573522090911865,0.5239317417144775,1.181283950805664,263,1.0,1.0,8,1,compute-dy-compute-resource-1-1,compute-dy-compute-resource-1-1
experiment,wrapper_sdoclust,blobs,50000,50,5,2.0,0.0,42,joblib,4,0,12500,2000,5,0.31633830070495605,0.5299196243286133,0.8462579250335693,258,1.0,1.0,8,1,compute-dy-compute-resource-1-1,compute-dy-compute-resource-1-1
experiment,wrapper_sdoclust,blobs,50000,50,5,2.0,0.0,42,joblib,8,0,6250,2000,5,0.14452862739562988,0.5166239738464355,0.6611526012420654,258,1.0,1.0,8,1,compute-dy-compute-resource-1-1,compute-dy-compute-resource-1-1
experiment,wrapper_sdoclust,blobs,50000,50,5,2.0,0.0,42,joblib,16,0,3125,2000,5,0.07092761993408203,0.6370387077331543,0.7079663276672363,237,1.0,1.0,8,1,compute-dy-compute-resource-1-1,compute-dy-compute-resource-1-1
experiment,wrapper_sdoclust,blobs,50000,50,5,2.0,0.0,42,dask,2,0,25000,2000,5,0.659480094909668,0.5230944156646729,1.1825745105743408,263,1.0,1.0,8,1,compute-dy-compute-resource-1-1,compute-dy-compute-resource-1-1
experiment,wrapper_sdoclust,blobs,50000,50,5,2.0,0.0,42,dask,4,0,12500,2000,5,0.3107025623321533,0.5350492000579834,0.8457517623901367,258,1.0,1.0,8,1,compute-dy-compute-resource-1-1,compute-dy-compute-resource-1-1
experiment,wrapper_sdoclust,blobs,50000,50,5,2.0,0.0,42,dask,8,0,6250,2000,5,0.1476893424987793,0.5206563472747803,0.6683456897735596,258,1.0,1.0,8,1,compute-dy-compute-resource-1-1,compute-dy-compute-resource-1-1
experiment,wrapper_sdoclust,blobs,50000,50,5,2.0,0.0,42,dask,16,0,3125,2000,5,0.07147669792175293,0.5110490322113037,0.5825257301330566,237,1.0,1.0,8,1,compute-dy-compute-resource-1-1,compute-dy-compute-resource-1-1
baseline,sdoclust_full,noisy_blobs,50000,10,5,1.0,0.05,42,na,-1,-1,-1,2000,-1,1.2622449398040771,0.0,1.2622449398040771,-1,0.9358062072326306,0.9209277220709455,8,1,compute-dy-compute-resource-1-1,compute-dy-compute-resource-1-1
baseline,kmeans_seq,noisy_blobs,50000,10,5,1.0,0.05,42,na,-1,-1,-1,2000,-1,0.05685853958129883,0.0,0.05685853958129883,-1,0.9357742750989047,0.9206297290350404,8,1,compute-dy-compute-resource-1-1,compute-dy-compute-resource-1-1
baseline,minibatch_seq,noisy_blobs,50000,10,5,1.0,0.05,42,na,-1,-1,-1,2000,-1,0.01905059814453125,0.0,0.01905059814453125,-1,0.6705479092690267,0.7966203735296974,8,1,compute-dy-compute-resource-1-1,compute-dy-compute-resource-1-1
baseline,minibatch_joblib,noisy_blobs,50000,10,5,1.0,0.05,42,na,-1,-1,-1,2000,-1,0.10946249961853027,0.0,0.10946249961853027,-1,0.7506122732521018,0.8576194543243137,8,1,compute-dy-compute-resource-1-1,compute-dy-compute-resource-1-1
baseline,minibatch_dask,noisy_blobs,50000,10,5,1.0,0.05,42,na,-1,-1,-1,2000,-1,0.12829947471618652,0.0,0.12829947471618652,-1,0.7506122732521018,0.8576194543243137,8,1,compute-dy-compute-resource-1-1,compute-dy-compute-resource-1-1
experiment,wrapper_sdoclust,noisy_blobs,50000,10,5,1.0,0.05,42,seq,2,0,26250,2000,5,0.43889331817626953,0.27837491035461426,0.7172682285308838,264,0.9357907184282682,0.9207714845164032,8,1,compute-dy-compute-resource-1-1,compute-dy-compute-resource-1-1
experiment,wrapper_sdoclust,noisy_blobs,50000,10,5,1.0,0.05,42,seq,4,0,13125,2000,5,0.21303653717041016,0.2842376232147217,0.49727416038513184,261,0.9357784133474685,0.9206607608271482,8,1,compute-dy-compute-resource-1-1,compute-dy-compute-resource-1-1
experiment,wrapper_sdoclust,noisy_blobs,50000,10,5,1.0,0.05,42,seq,8,0,6563,2000,5,0.1001441478729248,0.2462308406829834,0.3463749885559082,253,0.9357596620463539,0.9204771952523702,8,1,compute-dy-compute-resource-1-1,compute-dy-compute-resource-1-1
experiment,wrapper_sdoclust,noisy_blobs,50000,10,5,1.0,0.05,42,seq,16,0,3282,2000,5,0.04625225067138672,0.2413651943206787,0.28761744499206543,241,0.9357813344515644,0.9206669479504292,8,1,compute-dy-compute-resource-1-1,compute-dy-compute-resource-1-1
experiment,wrapper_sdoclust,noisy_blobs,50000,10,5,1.0,0.05,42,joblib,2,0,26250,2000,5,0.43195056915283203,0.2826402187347412,0.7145907878875732,264,0.9357907184282682,0.9207714845164032,8,1,compute-dy-compute-resource-1-1,compute-dy-compute-resource-1-1
experiment,wrapper_sdoclust,noisy_blobs,50000,10,5,1.0,0.05,42,joblib,4,0,13125,2000,5,0.20728778839111328,0.28562402725219727,0.49291181564331055,261,0.9357784133474685,0.9206607608271482,8,1,compute-dy-compute-resource-1-1,compute-dy-compute-resource-1-1
experiment,wrapper_sdoclust,noisy_blobs,50000,10,5,1.0,0.05,42,joblib,8,0,6563,2000,5,0.09104752540588379,0.24767136573791504,0.33871889114379883,253,0.9357596620463539,0.9204771952523702,8,1,compute-dy-compute-resource-1-1,compute-dy-compute-resource-1-1
experiment,wrapper_sdoclust,noisy_blobs,50000,10,5,1.0,0.05,42,joblib,16,0,3282,2000,5,0.046690940856933594,0.24316191673278809,0.2898528575897217,241,0.9357813344515644,0.9206669479504292,8,1,compute-dy-compute-resource-1-1,compute-dy-compute-resource-1-1
experiment,wrapper_sdoclust,noisy_blobs,50000,10,5,1.0,0.05,42,dask,2,0,26250,2000,5,0.4252474308013916,0.2888450622558594,0.714092493057251,264,0.9357907184282682,0.9207714845164032,8,1,compute-dy-compute-resource-1-1,compute-dy-compute-resource-1-1
experiment,wrapper_sdoclust,noisy_blobs,50000,10,5,1.0,0.05,42,dask,4,0,13125,2000,5,0.20822572708129883,0.2877540588378906,0.49597978591918945,261,0.9357784133474685,0.9206607608271482,8,1,compute-dy-compute-resource-1-1,compute-dy-compute-resource-1-1
experiment,wrapper_sdoclust,noisy_blobs,50000,10,5,1.0,0.05,42,dask,8,0,6563,2000,5,0.09157967567443848,0.25441741943359375,0.3459970951080322,253,0.9357596620463539,0.9204771952523702,8,1,compute-dy-compute-resource-1-1,compute-dy-compute-resource-1-1
experiment,wrapper_sdoclust,noisy_blobs,50000,10,5,1.0,0.05,42,dask,16,0,3282,2000,5,0.0461277961730957,0.2504558563232422,0.2965836524963379,241,0.9357813344515644,0.9206669479504292,8,1,compute-dy-compute-resource-1-1,compute-dy-compute-resource-1-1
baseline,sdoclust_full,noisy_blobs,50000,10,5,2.0,0.05,42,na,-1,-1,-1,2000,-1,1.2746245861053467,0.0,1.2746245861053467,-1,0.9355779281974503,0.9197237332042132,8,1,compute-dy-compute-resource-1-1,compute-dy-compute-resource-1-1
baseline,kmeans_seq,noisy_blobs,50000,10,5,2.0,0.05,42,na,-1,-1,-1,2000,-1,0.04129743576049805,0.0,0.04129743576049805,-1,0.9353878615688453,0.9193498738440862,8,1,compute-dy-compute-resource-1-1,compute-dy-compute-resource-1-1
baseline,minibatch_seq,noisy_blobs,50000,10,5,2.0,0.05,42,na,-1,-1,-1,2000,-1,0.038529396057128906,0.0,0.038529396057128906,-1,0.6728830203305379,0.7942195308676058,8,1,compute-dy-compute-resource-1-1,compute-dy-compute-resource-1-1
baseline,minibatch_joblib,noisy_blobs,50000,10,5,2.0,0.05,42,na,-1,-1,-1,2000,-1,0.16528868675231934,0.0,0.16528868675231934,-1,0.7428299190406916,0.8411460457860027,8,1,compute-dy-compute-resource-1-1,compute-dy-compute-resource-1-1
baseline,minibatch_dask,noisy_blobs,50000,10,5,2.0,0.05,42,na,-1,-1,-1,2000,-1,0.1378316879272461,0.0,0.1378316879272461,-1,0.7428299190406916,0.8411460457860027,8,1,compute-dy-compute-resource-1-1,compute-dy-compute-resource-1-1
experiment,wrapper_sdoclust,noisy_blobs,50000,10,5,2.0,0.05,42,seq,2,0,26250,2000,5,0.6837944984436035,0.3024730682373047,0.9862675666809082,264,0.9356673542090866,0.9198983003016594,8,1,compute-dy-compute-resource-1-1,compute-dy-compute-resource-1-1
experiment,wrapper_sdoclust,noisy_blobs,50000,10,5,2.0,0.05,42,seq,4,0,13125,2000,5,0.20897412300109863,0.28586626052856445,0.4948403835296631,263,0.9356620028076734,0.9198566927162646,8,1,compute-dy-compute-resource-1-1,compute-dy-compute-resource-1-1
experiment,wrapper_sdoclust,noisy_blobs,50000,10,5,2.0,0.05,42,seq,8,0,6563,2000,5,0.0931100845336914,0.27893638610839844,0.37204647064208984,254,0.9356699579962982,0.9199276803444715,8,1,compute-dy-compute-resource-1-1,compute-dy-compute-resource-1-1
experiment,wrapper_sdoclust,noisy_blobs,50000,10,5,2.0,0.05,42,seq,16,0,3282,2000,5,0.04688906669616699,0.26430749893188477,0.31119656562805176,246,0.9354352136616351,0.9193996850966439,8,1,compute-dy-compute-resource-1-1,compute-dy-compute-resource-1-1
experiment,wrapper_sdoclust,noisy_blobs,50000,10,5,2.0,0.05,42,joblib,2,0,26250,2000,5,0.42917418479919434,0.28411102294921875,0.7132852077484131,264,0.9356673542090866,0.9198983003016594,8,1,compute-dy-compute-resource-1-1,compute-dy-compute-resource-1-1
experiment,wrapper_sdoclust,noisy_blobs,50000,10,5,2.0,0.05,42,joblib,4,0,13125,2000,5,0.20833039283752441,0.2869265079498291,0.4952569007873535,263,0.9356620028076734,0.9198566927162646,8,1,compute-dy-compute-resource-1-1,compute-dy-compute-resource-1-1
experiment,wrapper_sdoclust,noisy_blobs,50000,10,5,2.0,0.05,42,joblib,8,0,6563,2000,5,0.0916283130645752,0.280867338180542,0.3724956512451172,254,0.9356699579962982,0.9199276803444715,8,1,compute-dy-compute-resource-1-1,compute-dy-compute-resource-1-1
experiment,wrapper_sdoclust,noisy_blobs,50000,10,5,2.0,0.05,42,joblib,16,0,3282,2000,5,0.04614591598510742,0.2678108215332031,0.31395673751831055,246,0.9354352136616351,0.9193996850966439,8,1,compute-dy-compute-resource-1-1,compute-dy-compute-resource-1-1
experiment,wrapper_sdoclust,noisy_blobs,50000,10,5,2.0,0.05,42,dask,2,0,26250,2000,5,0.4271872043609619,0.2836470603942871,0.710834264755249,264,0.9356673542090866,0.9198983003016594,8,1,compute-dy-compute-resource-1-1,compute-dy-compute-resource-1-1
experiment,wrapper_sdoclust,noisy_blobs,50000,10,5,2.0,0.05,42,dask,4,0,13125,2000,5,0.20598125457763672,0.29518723487854004,0.5011684894561768,263,0.9356620028076734,0.9198566927162646,8,1,compute-dy-compute-resource-1-1,compute-dy-compute-resource-1-1
experiment,wrapper_sdoclust,noisy_blobs,50000,10,5,2.0,0.05,42,dask,8,0,6563,2000,5,0.09222197532653809,0.28557658195495605,0.37779855728149414,254,0.9356699579962982,0.9199276803444715,8,1,compute-dy-compute-resource-1-1,compute-dy-compute-resource-1-1
experiment,wrapper_sdoclust,noisy_blobs,50000,10,5,2.0,0.05,42,dask,16,0,3282,2000,5,0.046499013900756836,0.2743055820465088,0.3208045959472656,246,0.9354352136616351,0.9193996850966439,8,1,compute-dy-compute-resource-1-1,compute-dy-compute-resource-1-1
baseline,sdoclust_full,noisy_blobs,50000,50,5,1.0,0.05,42,na,-1,-1,-1,2000,-1,5.602200984954834,0.0,5.602200984954834,-1,0.9357031499572327,0.9198904820193052,8,1,compute-dy-compute-resource-1-1,compute-dy-compute-resource-1-1
baseline,kmeans_seq,noisy_blobs,50000,50,5,1.0,0.05,42,na,-1,-1,-1,2000,-1,0.13429856300354004,0.0,0.13429856300354004,-1,0.9357128172225544,0.9199854162764673,8,1,compute-dy-compute-resource-1-1,compute-dy-compute-resource-1-1
baseline,minibatch_seq,noisy_blobs,50000,50,5,1.0,0.05,42,na,-1,-1,-1,2000,-1,0.03026437759399414,0.0,0.03026437759399414,-1,0.935700070333611,0.9198689386396056,8,1,compute-dy-compute-resource-1-1,compute-dy-compute-resource-1-1
baseline,minibatch_joblib,noisy_blobs,50000,50,5,1.0,0.05,42,na,-1,-1,-1,2000,-1,0.11593866348266602,0.0,0.11593866348266602,-1,0.9357092945631074,0.9199579195726194,8,1,compute-dy-compute-resource-1-1,compute-dy-compute-resource-1-1
baseline,minibatch_dask,noisy_blobs,50000,50,5,1.0,0.05,42,na,-1,-1,-1,2000,-1,0.12902283668518066,0.0,0.12902283668518066,-1,0.9357092945631074,0.9199579195726194,8,1,compute-dy-compute-resource-1-1,compute-dy-compute-resource-1-1
experiment,wrapper_sdoclust,noisy_blobs,50000,50,5,1.0,0.05,42,seq,2,0,26250,2000,5,0.7006971836090088,0.573693037033081,1.2743902206420898,263,0.9356988896052908,0.9198671879003697,8,1,compute-dy-compute-resource-1-1,compute-dy-compute-resource-1-1
experiment,wrapper_sdoclust,noisy_blobs,50000,50,5,1.0,0.05,42,seq,4,0,13125,2000,5,0.3272693157196045,0.5418879985809326,0.8691573143005371,263,0.9356842995585521,0.9197282016270593,8,1,compute-dy-compute-resource-1-1,compute-dy-compute-resource-1-1
experiment,wrapper_sdoclust,noisy_blobs,50000,50,5,1.0,0.05,42,seq,8,0,6563,2000,5,0.15311336517333984,0.6062605381011963,0.7593739032745361,252,0.9357120138530343,0.9199744182034681,8,1,compute-dy-compute-resource-1-1,compute-dy-compute-resource-1-1
experiment,wrapper_sdoclust,noisy_blobs,50000,50,5,1.0,0.05,42,seq,16,0,3282,2000,5,0.07636904716491699,0.5294077396392822,0.6057767868041992,248,0.9357042941622805,0.9199057087439448,8,1,compute-dy-compute-resource-1-1,compute-dy-compute-resource-1-1
experiment,wrapper_sdoclust,noisy_blobs,50000,50,5,1.0,0.05,42,joblib,2,0,26250,2000,5,0.694990873336792,0.5739586353302002,1.2689495086669922,263,0.9356988896052908,0.9198671879003697,8,1,compute-dy-compute-resource-1-1,compute-dy-compute-resource-1-1
experiment,wrapper_sdoclust,noisy_blobs,50000,50,5,1.0,0.05,42,joblib,4,0,13125,2000,5,0.3310360908508301,0.5428786277770996,0.8739147186279297,263,0.9356842995585521,0.9197282016270593,8,1,compute-dy-compute-resource-1-1,compute-dy-compute-resource-1-1
experiment,wrapper_sdoclust,noisy_blobs,50000,50,5,1.0,0.05,42,joblib,8,0,6563,2000,5,0.15169215202331543,0.529569149017334,0.6812613010406494,252,0.9357120138530343,0.9199744182034681,8,1,compute-dy-compute-resource-1-1,compute-dy-compute-resource-1-1
experiment,wrapper_sdoclust,noisy_blobs,50000,50,5,1.0,0.05,42,joblib,16,0,3282,2000,5,0.07509303092956543,0.5316472053527832,0.6067402362823486,248,0.9357042941622805,0.9199057087439448,8,1,compute-dy-compute-resource-1-1,compute-dy-compute-resource-1-1
experiment,wrapper_sdoclust,noisy_blobs,50000,50,5,1.0,0.05,42,dask,2,0,26250,2000,5,0.6911685466766357,0.6706409454345703,1.361809492111206,263,0.9356988896052908,0.9198671879003697,8,1,compute-dy-compute-resource-1-1,compute-dy-compute-resource-1-1
experiment,wrapper_sdoclust,noisy_blobs,50000,50,5,1.0,0.05,42,dask,4,0,13125,2000,5,0.33316588401794434,0.5491440296173096,0.8823099136352539,263,0.9356842995585521,0.9197282016270593,8,1,compute-dy-compute-resource-1-1,compute-dy-compute-resource-1-1
experiment,wrapper_sdoclust,noisy_blobs,50000,50,5,1.0,0.05,42,dask,8,0,6563,2000,5,0.14975547790527344,0.5344972610473633,0.6842527389526367,252,0.9357120138530343,0.9199744182034681,8,1,compute-dy-compute-resource-1-1,compute-dy-compute-resource-1-1
experiment,wrapper_sdoclust,noisy_blobs,50000,50,5,1.0,0.05,42,dask,16,0,3282,2000,5,0.07579922676086426,0.5388386249542236,0.6146378517150879,248,0.9357042941622805,0.9199057087439448,8,1,compute-dy-compute-resource-1-1,compute-dy-compute-resource-1-1
baseline,sdoclust_full,noisy_blobs,50000,50,5,2.0,0.05,42,na,-1,-1,-1,2000,-1,21.955851554870605,0.0,21.955851554870605,-1,0.9356916177421645,0.9197906277549193,8,1,compute-dy-compute-resource-1-1,compute-dy-compute-resource-1-1
baseline,kmeans_seq,noisy_blobs,50000,50,5,2.0,0.05,42,na,-1,-1,-1,2000,-1,0.11963558197021484,0.0,0.11963558197021484,-1,0.935688318968191,0.9197636932160034,8,1,compute-dy-compute-resource-1-1,compute-dy-compute-resource-1-1
baseline,minibatch_seq,noisy_blobs,50000,50,5,2.0,0.05,42,na,-1,-1,-1,2000,-1,0.03712105751037598,0.0,0.03712105751037598,-1,0.6616671977772102,0.7968936808823668,8,1,compute-dy-compute-resource-1-1,compute-dy-compute-resource-1-1
baseline,minibatch_joblib,noisy_blobs,50000,50,5,2.0,0.05,42,na,-1,-1,-1,2000,-1,0.15534043312072754,0.0,0.15534043312072754,-1,0.7800869003997472,0.8987001713774236,8,1,compute-dy-compute-resource-1-1,compute-dy-compute-resource-1-1
baseline,minibatch_dask,noisy_blobs,50000,50,5,2.0,0.05,42,na,-1,-1,-1,2000,-1,0.16580796241760254,0.0,0.16580796241760254,-1,0.7800869003997472,0.8987001713774236,8,1,compute-dy-compute-resource-1-1,compute-dy-compute-resource-1-1
experiment,wrapper_sdoclust,noisy_blobs,50000,50,5,2.0,0.05,42,seq,2,0,26250,2000,5,0.6941173076629639,0.5760533809661865,1.2701706886291504,264,0.9356929737657095,0.9198190280161554,8,1,compute-dy-compute-resource-1-1,compute-dy-compute-resource-1-1
experiment,wrapper_sdoclust,noisy_blobs,50000,50,5,2.0,0.05,42,seq,4,0,13125,2000,5,0.32871365547180176,0.545119047164917,0.8738327026367188,262,0.9356723629403646,0.9196208664608903,8,1,compute-dy-compute-resource-1-1,compute-dy-compute-resource-1-1
experiment,wrapper_sdoclust,noisy_blobs,50000,50,5,2.0,0.05,42,seq,8,0,6563,2000,5,0.15642976760864258,0.5561466217041016,0.7125763893127441,257,0.9356929202064735,0.9198082042626008,8,1,compute-dy-compute-resource-1-1,compute-dy-compute-resource-1-1
experiment,wrapper_sdoclust,noisy_blobs,50000,50,5,2.0,0.05,42,seq,16,0,3282,2000,5,0.07512545585632324,0.537693977355957,0.6128194332122803,240,0.9357068625316438,0.9199364005258501,8,1,compute-dy-compute-resource-1-1,compute-dy-compute-resource-1-1
experiment,wrapper_sdoclust,noisy_blobs,50000,50,5,2.0,0.05,42,joblib,2,0,26250,2000,5,0.6796691417694092,0.5780820846557617,1.257751226425171,264,0.9356929737657095,0.9198190280161554,8,1,compute-dy-compute-resource-1-1,compute-dy-compute-resource-1-1
experiment,wrapper_sdoclust,noisy_blobs,50000,50,5,2.0,0.05,42,joblib,4,0,13125,2000,5,0.33165502548217773,0.5444424152374268,0.8760974407196045,262,0.9356723629403646,0.9196208664608903,8,1,compute-dy-compute-resource-1-1,compute-dy-compute-resource-1-1
experiment,wrapper_sdoclust,noisy_blobs,50000,50,5,2.0,0.05,42,joblib,8,0,6563,2000,5,0.15009522438049316,0.5542161464691162,0.7043113708496094,257,0.9356929202064735,0.9198082042626008,8,1,compute-dy-compute-resource-1-1,compute-dy-compute-resource-1-1
experiment,wrapper_sdoclust,noisy_blobs,50000,50,5,2.0,0.05,42,joblib,16,0,3282,2000,5,0.07585835456848145,0.5363035202026367,0.6121618747711182,240,0.9357068625316438,0.9199364005258501,8,1,compute-dy-compute-resource-1-1,compute-dy-compute-resource-1-1
experiment,wrapper_sdoclust,noisy_blobs,50000,50,5,2.0,0.05,42,dask,2,0,26250,2000,5,0.6888582706451416,0.580268383026123,1.2691266536712646,264,0.9356929737657095,0.9198190280161554,8,1,compute-dy-compute-resource-1-1,compute-dy-compute-resource-1-1
experiment,wrapper_sdoclust,noisy_blobs,50000,50,5,2.0,0.05,42,dask,4,0,13125,2000,5,0.33139848709106445,0.5488195419311523,0.8802180290222168,262,0.9356723629403646,0.9196208664608903,8,1,compute-dy-compute-resource-1-1,compute-dy-compute-resource-1-1
experiment,wrapper_sdoclust,noisy_blobs,50000,50,5,2.0,0.05,42,dask,8,0,6563,2000,5,0.16454553604125977,0.5645947456359863,0.7291402816772461,257,0.9356929202064735,0.9198082042626008,8,1,compute-dy-compute-resource-1-1,compute-dy-compute-resource-1-1
experiment,wrapper_sdoclust,noisy_blobs,50000,50,5,2.0,0.05,42,dask,16,0,3282,2000,5,0.07511520385742188,0.5407431125640869,0.6158583164215088,240,0.9357068625316438,0.9199364005258501,8,1,compute-dy-compute-resource-1-1,compute-dy-compute-resource-1-1
